Processing Record 1 of Set 1 | vao
City not found. Skipping...
Processing Record 2 of Set 1 | lompoc
City not found. Skipping...
Processing Record 3 of Set 1 | amderma
City not found. Skipping...
Processing Record 4 of Set 1 | east london
City not found. Skipping...
Processing Record 5 of Set 1 | sidi bu zayd
City not found. Skipping...
Processing Record 6 of Set 1 | qaanaaq
City not found. Skipping...
Processing Record 7 of Set 1 | dehloran
City not found. Skipping...
Processing Record 8 of Set 1 | cape town
City not found. Skipping...
Processing Record 9 of Set 1 | esperance
City not found. Skipping...
Processing Record 10 of Set 1 | tasiilaq
City not found. Skipping...
Processing Record 11 of Set 1 | adre
City not found. Skipping...
Processing Record 12 of Set 1 | butaritari
City not found. Skipping...
Processing Record 13 of Set 1 | khasan
City not found. Skipping...
Processing Record 14 of Set 1 | chokurdakh
City not found. Skipping...
Processing Record 15 of Set 1 | mataura
City not found. Skipping...
Processing Record 16 of Set 1 | yar-sale
City not found. Skipping...
Processing Record 17 of Set 1 | beringovskiy
City not found. Skipping...
Processing Record 18 of Set 1 | gimli
City not found. Skipping...
Processing Record 19 of Set 1 | ponta do sol
City not found. Skipping...
Processing Record 20 of Set 1 | davila
City not found. Skipping...
Processing Record 21 of Set 1 | narsaq
City not found. Skipping...
Processing Record 22 of Set 1 | ribeira grande
City not found. Skipping...
Processing Record 23 of Set 1 | busselton
City not found. Skipping...
Processing Record 24 of Set 1 | saint-philippe
City not found. Skipping...
Processing Record 25 of Set 1 | diamantino
City not found. Skipping...
Processing Record 26 of Set 1 | rikitea
City not found. Skipping...
Processing Record 27 of Set 1 | albany
City not found. Skipping...
Processing Record 28 of Set 1 | coos bay
City not found. Skipping...
Processing Record 29 of Set 1 | castro
City not found. Skipping...
Processing Record 30 of Set 1 | kapaa
City not found. Skipping...
Processing Record 31 of Set 1 | road town
City not found. Skipping...
Processing Record 32 of Set 1 | norman wells
City not found. Skipping...
Processing Record 33 of Set 1 | bredasdorp
City not found. Skipping...
Processing Record 34 of Set 1 | dongsheng
City not found. Skipping...
Processing Record 35 of Set 1 | pemangkat
City not found. Skipping...
Processing Record 36 of Set 1 | adrar
City not found. Skipping...
Processing Record 37 of Set 1 | okhotsk
City not found. Skipping...
Processing Record 38 of Set 1 | clyde river
City not found. Skipping...
Processing Record 39 of Set 1 | cockburn harbour
City not found. Skipping...
Processing Record 40 of Set 1 | hue
City not found. Skipping...
Processing Record 41 of Set 1 | vancouver
City not found. Skipping...
Processing Record 42 of Set 1 | muros
City not found. Skipping...
Processing Record 43 of Set 1 | barrow
City not found. Skipping...
Processing Record 44 of Set 1 | palabuhanratu
City not found. Skipping...
Processing Record 45 of Set 1 | khor
City not found. Skipping...
Processing Record 46 of Set 1 | nikolskoye
City not found. Skipping...
Processing Record 47 of Set 1 | krasnoselkup
City not found. Skipping...
Processing Record 48 of Set 1 | padang
City not found. Skipping...
Processing Record 49 of Set 1 | taolanaro
City not found. Skipping...
Processing Record 50 of Set 1 | mar del plata
City not found. Skipping...
Processing Record 1 of Set 2 | cherskiy
City not found. Skipping...
Processing Record 2 of Set 2 | hermanus
City not found. Skipping...
Processing Record 3 of Set 2 | bilma
City not found. Skipping...
Processing Record 4 of Set 2 | bluff
City not found. Skipping...
Processing Record 5 of Set 2 | merauke
City not found. Skipping...
Processing Record 6 of Set 2 | carnarvon
City not found. Skipping...
Processing Record 7 of Set 2 | airai
City not found. Skipping...
Processing Record 8 of Set 2 | nome
City not found. Skipping...
Processing Record 9 of Set 2 | jamestown
City not found. Skipping...
Processing Record 10 of Set 2 | san patricio
City not found. Skipping...
Processing Record 11 of Set 2 | faanui
City not found. Skipping...
Processing Record 12 of Set 2 | sofiysk
City not found. Skipping...
Processing Record 13 of Set 2 | lethem
City not found. Skipping...
Processing Record 14 of Set 2 | pangnirtung
City not found. Skipping...
Processing Record 15 of Set 2 | bilibino
City not found. Skipping...
Processing Record 16 of Set 2 | mahebourg
City not found. Skipping...
Processing Record 17 of Set 2 | port alfred
City not found. Skipping...
Processing Record 18 of Set 2 | atuona
City not found. Skipping...
Processing Record 19 of Set 2 | provideniya
City not found. Skipping...
Processing Record 20 of Set 2 | vaini
City not found. Skipping...
Processing Record 21 of Set 2 | karasburg
City not found. Skipping...
Processing Record 22 of Set 2 | samusu
City not found. Skipping...
Processing Record 23 of Set 2 | attawapiskat
City not found. Skipping...
Processing Record 24 of Set 2 | piacabucu
City not found. Skipping...
Processing Record 25 of Set 2 | hobart
City not found. Skipping...
Processing Record 26 of Set 2 | karpathos
City not found. Skipping...
Processing Record 27 of Set 2 | ushuaia
City not found. Skipping...
Processing Record 28 of Set 2 | normal
City not found. Skipping...
Processing Record 29 of Set 2 | khatanga
City not found. Skipping...
Processing Record 30 of Set 2 | tabou
City not found. Skipping...
Processing Record 31 of Set 2 | geraldton
City not found. Skipping...
Processing Record 32 of Set 2 | miraflores
City not found. Skipping...
Processing Record 33 of Set 2 | yellowknife
City not found. Skipping...
Processing Record 34 of Set 2 | lebu
City not found. Skipping...
Processing Record 35 of Set 2 | ola
City not found. Skipping...
Processing Record 36 of Set 2 | sur
City not found. Skipping...
Processing Record 37 of Set 2 | ucluelet
City not found. Skipping...
Processing Record 38 of Set 2 | ewa beach
City not found. Skipping...
Processing Record 39 of Set 2 | kenai
City not found. Skipping...
Processing Record 40 of Set 2 | mys shmidta
City not found. Skipping...
Processing Record 41 of Set 2 | el wasta
City not found. Skipping...
Processing Record 42 of Set 2 | rapar
City not found. Skipping...
Processing Record 43 of Set 2 | rundu
City not found. Skipping...
Processing Record 44 of Set 2 | kodiak
City not found. Skipping...
Processing Record 45 of Set 2 | sentyabrskiy
City not found. Skipping...
Processing Record 46 of Set 2 | warqla
City not found. Skipping...
Processing Record 47 of Set 2 | barinas
City not found. Skipping...
Processing Record 48 of Set 2 | kulhudhuffushi
City not found. Skipping...
Processing Record 49 of Set 2 | margate
City not found. Skipping...
Processing Record 50 of Set 2 | kavaratti
City not found. Skipping...
Processing Record 1 of Set 3 | ilulissat
City not found. Skipping...
Processing Record 2 of Set 3 | new norfolk
City not found. Skipping...
Processing Record 3 of Set 3 | guerrero negro
City not found. Skipping...
Processing Record 4 of Set 3 | muli
City not found. Skipping...
Processing Record 5 of Set 3 | galashki
City not found. Skipping...
Processing Record 6 of Set 3 | tailai
City not found. Skipping...
Processing Record 7 of Set 3 | nantucket
City not found. Skipping...
Processing Record 8 of Set 3 | amos
City not found. Skipping...
Processing Record 9 of Set 3 | port lincoln
City not found. Skipping...
Processing Record 10 of Set 3 | bayanday
City not found. Skipping...
Processing Record 11 of Set 3 | gunnedah
City not found. Skipping...
Processing Record 12 of Set 3 | puerto ayora
City not found. Skipping...
Processing Record 13 of Set 3 | souillac
City not found. Skipping...
Processing Record 14 of Set 3 | barentsburg
City not found. Skipping...
Processing Record 15 of Set 3 | cheyenne
City not found. Skipping...
Processing Record 16 of Set 3 | dikson
City not found. Skipping...
Processing Record 17 of Set 3 | tucurui
City not found. Skipping...
Processing Record 18 of Set 3 | sioux lookout
City not found. Skipping...
Processing Record 19 of Set 3 | kahului
City not found. Skipping...
Processing Record 20 of Set 3 | thompson
City not found. Skipping...
Processing Record 21 of Set 3 | mayor pablo lagerenza
City not found. Skipping...
Processing Record 22 of Set 3 | ostrovnoy
City not found. Skipping...
Processing Record 23 of Set 3 | punta arenas
City not found. Skipping...
Processing Record 24 of Set 3 | limon
City not found. Skipping...
Processing Record 25 of Set 3 | tiksi
City not found. Skipping...
Processing Record 26 of Set 3 | hilo
City not found. Skipping...
Processing Record 27 of Set 3 | matamoros
City not found. Skipping...
Processing Record 28 of Set 3 | grand river south east
City not found. Skipping...
Processing Record 29 of Set 3 | tuatapere
City not found. Skipping...
Processing Record 30 of Set 3 | cidreira
City not found. Skipping...
Processing Record 31 of Set 3 | china
City not found. Skipping...
Processing Record 32 of Set 3 | sukhumi
City not found. Skipping...
Processing Record 33 of Set 3 | vanimo
City not found. Skipping...
Processing Record 34 of Set 3 | victoria
City not found. Skipping...
Processing Record 35 of Set 3 | limbang
City not found. Skipping...
Processing Record 36 of Set 3 | acarau
City not found. Skipping...
Processing Record 37 of Set 3 | te anau
City not found. Skipping...
Processing Record 38 of Set 3 | vaitape
City not found. Skipping...
Processing Record 39 of Set 3 | ponte nova
City not found. Skipping...
Processing Record 40 of Set 3 | tuktoyaktuk
City not found. Skipping...
Processing Record 41 of Set 3 | vila velha
City not found. Skipping...
Processing Record 42 of Set 3 | conceicao do araguaia
City not found. Skipping...
Processing Record 43 of Set 3 | hobyo
City not found. Skipping...
Processing Record 44 of Set 3 | yumen
City not found. Skipping...
Processing Record 45 of Set 3 | jaru
City not found. Skipping...
Processing Record 46 of Set 3 | yanchukan
City not found. Skipping...
Processing Record 47 of Set 3 | belushya guba
City not found. Skipping...
Processing Record 48 of Set 3 | deputatskiy
City not found. Skipping...
Processing Record 49 of Set 3 | sorland
City not found. Skipping...
Processing Record 50 of Set 3 | naftah
City not found. Skipping...
Processing Record 1 of Set 4 | luganville
City not found. Skipping...
Processing Record 2 of Set 4 | ilhabela
City not found. Skipping...
Processing Record 3 of Set 4 | eyl
City not found. Skipping...
Processing Record 4 of Set 4 | bambanglipuro
City not found. Skipping...
Processing Record 5 of Set 4 | svetlaya
City not found. Skipping...
Processing Record 6 of Set 4 | yangjiang
City not found. Skipping...
Processing Record 7 of Set 4 | avarua
City not found. Skipping...
Processing Record 8 of Set 4 | skibbereen
City not found. Skipping...
Processing Record 9 of Set 4 | guanaja
City not found. Skipping...
Processing Record 10 of Set 4 | bathsheba
City not found. Skipping...
Processing Record 11 of Set 4 | havelock
City not found. Skipping...
Processing Record 12 of Set 4 | husavik
City not found. Skipping...
Processing Record 13 of Set 4 | nanning
City not found. Skipping...
Processing Record 14 of Set 4 | khash
City not found. Skipping...
Processing Record 15 of Set 4 | kuandian
City not found. Skipping...
Processing Record 16 of Set 4 | lere
City not found. Skipping...
Processing Record 17 of Set 4 | piura
City not found. Skipping...
Processing Record 18 of Set 4 | severo-kurilsk
City not found. Skipping...
Processing Record 19 of Set 4 | valparaiso
City not found. Skipping...
Processing Record 20 of Set 4 | abu zabad
City not found. Skipping...
Processing Record 21 of Set 4 | leh
City not found. Skipping...
Processing Record 22 of Set 4 | itarema
City not found. Skipping...
Processing Record 23 of Set 4 | ogra
City not found. Skipping...
Processing Record 24 of Set 4 | la rioja
City not found. Skipping...
Processing Record 25 of Set 4 | yenagoa
City not found. Skipping...
Processing Record 26 of Set 4 | longyearbyen
City not found. Skipping...
Processing Record 27 of Set 4 | dezhou
City not found. Skipping...
Processing Record 28 of Set 4 | talcahuano
City not found. Skipping...
Processing Record 29 of Set 4 | palana
City not found. Skipping...
Processing Record 30 of Set 4 | apatin
City not found. Skipping...
Processing Record 31 of Set 4 | ewo
City not found. Skipping...
Processing Record 32 of Set 4 | katsuura
City not found. Skipping...
Processing Record 33 of Set 4 | brae
City not found. Skipping...
Processing Record 34 of Set 4 | biak
City not found. Skipping...
Processing Record 35 of Set 4 | jalu
City not found. Skipping...
Processing Record 36 of Set 4 | bengkulu
City not found. Skipping...
Processing Record 37 of Set 4 | rivadavia
City not found. Skipping...
Processing Record 38 of Set 4 | saint-georges
City not found. Skipping...
Processing Record 39 of Set 4 | general bravo
City not found. Skipping...
Processing Record 40 of Set 4 | olafsvik
City not found. Skipping...
Processing Record 41 of Set 4 | hithadhoo
City not found. Skipping...
Processing Record 42 of Set 4 | junagarh
City not found. Skipping...
Processing Record 43 of Set 4 | atbasar
City not found. Skipping...
Processing Record 44 of Set 4 | vila franca do campo
City not found. Skipping...
Processing Record 45 of Set 4 | fairbanks
City not found. Skipping...
Processing Record 46 of Set 4 | seinajoki
City not found. Skipping...
Processing Record 47 of Set 4 | tessalit
City not found. Skipping...
Processing Record 48 of Set 4 | hofn
City not found. Skipping...
Processing Record 49 of Set 4 | port hardy
City not found. Skipping...
Processing Record 50 of Set 4 | port elizabeth
City not found. Skipping...
Processing Record 1 of Set 5 | madang
City not found. Skipping...
Processing Record 2 of Set 5 | mahajanga
City not found. Skipping...
Processing Record 3 of Set 5 | santa maria
City not found. Skipping...
Processing Record 4 of Set 5 | namibe
City not found. Skipping...
Processing Record 5 of Set 5 | tayu
City not found. Skipping...
Processing Record 6 of Set 5 | pundaguitan
City not found. Skipping...
Processing Record 7 of Set 5 | kaitangata
City not found. Skipping...
Processing Record 8 of Set 5 | saint quentin
City not found. Skipping...
Processing Record 9 of Set 5 | kholodnyy
City not found. Skipping...
Processing Record 10 of Set 5 | andenes
City not found. Skipping...
Processing Record 11 of Set 5 | georgetown
City not found. Skipping...
Processing Record 12 of Set 5 | beloha
City not found. Skipping...
Processing Record 13 of Set 5 | cabo san lucas
City not found. Skipping...
Processing Record 14 of Set 5 | peniche
City not found. Skipping...
Processing Record 15 of Set 5 | atasu
City not found. Skipping...
Processing Record 16 of Set 5 | kamloops
City not found. Skipping...
Processing Record 17 of Set 5 | bolungarvik
City not found. Skipping...
Processing Record 18 of Set 5 | mayo
City not found. Skipping...
Processing Record 19 of Set 5 | amahai
City not found. Skipping...
Processing Record 20 of Set 5 | abalak
City not found. Skipping...
Processing Record 21 of Set 5 | bonavista
City not found. Skipping...
Processing Record 22 of Set 5 | upernavik
City not found. Skipping...
Processing Record 23 of Set 5 | ahipara
City not found. Skipping...
Processing Record 24 of Set 5 | cockburn town
City not found. Skipping...
Processing Record 25 of Set 5 | pedasi
City not found. Skipping...
Processing Record 26 of Set 5 | aberdeen
City not found. Skipping...
Processing Record 27 of Set 5 | batagay-alyta
City not found. Skipping...
Processing Record 28 of Set 5 | port blair
City not found. Skipping...
Processing Record 29 of Set 5 | kalmunai
City not found. Skipping...
Processing Record 30 of Set 5 | iqaluit
City not found. Skipping...
Processing Record 31 of Set 5 | saskylakh
City not found. Skipping...
Processing Record 32 of Set 5 | raudeberg
City not found. Skipping...
Processing Record 33 of Set 5 | inongo
City not found. Skipping...
Processing Record 34 of Set 5 | cayenne
City not found. Skipping...
Processing Record 35 of Set 5 | caravelas
City not found. Skipping...
Processing Record 36 of Set 5 | salalah
City not found. Skipping...
Processing Record 37 of Set 5 | tomatlan
City not found. Skipping...
Processing Record 38 of Set 5 | ambon
City not found. Skipping...
Processing Record 39 of Set 5 | khonuu
City not found. Skipping...
Processing Record 40 of Set 5 | marsa matruh
City not found. Skipping...
Processing Record 41 of Set 5 | coahuayana
City not found. Skipping...
Processing Record 42 of Set 5 | aswan
City not found. Skipping...
Processing Record 43 of Set 5 | illoqqortoormiut
City not found. Skipping...
Processing Record 44 of Set 5 | fort saint james
City not found. Skipping...
Processing Record 45 of Set 5 | igrim
City not found. Skipping...
Processing Record 46 of Set 5 | bambous virieux
City not found. Skipping...
Processing Record 47 of Set 5 | beni mazar
City not found. Skipping...
Processing Record 48 of Set 5 | erzin
City not found. Skipping...
Processing Record 49 of Set 5 | fortuna
City not found. Skipping...
Processing Record 50 of Set 5 | seoni malwa
City not found. Skipping...
Processing Record 1 of Set 6 | berlevag
City not found. Skipping...
Processing Record 2 of Set 6 | torbay
City not found. Skipping...
Processing Record 3 of Set 6 | nioro
City not found. Skipping...
Processing Record 4 of Set 6 | shenzhen
City not found. Skipping...
Processing Record 5 of Set 6 | moyale
City not found. Skipping...
Processing Record 6 of Set 6 | lagoa
City not found. Skipping...
Processing Record 7 of Set 6 | koutsouras
City not found. Skipping...
Processing Record 8 of Set 6 | ivaipora
City not found. Skipping...
Processing Record 9 of Set 6 | nishihara
City not found. Skipping...
Processing Record 10 of Set 6 | mingyue
City not found. Skipping...
Processing Record 11 of Set 6 | staraya poltavka
City not found. Skipping...
Processing Record 12 of Set 6 | waingapu
City not found. Skipping...
Processing Record 13 of Set 6 | mtwara
City not found. Skipping...
Processing Record 14 of Set 6 | urumqi
City not found. Skipping...
Processing Record 15 of Set 6 | maceio
City not found. Skipping...
Processing Record 16 of Set 6 | vardo
City not found. Skipping...
Processing Record 17 of Set 6 | baltasi
City not found. Skipping...
Processing Record 18 of Set 6 | sherghati
City not found. Skipping...
Processing Record 19 of Set 6 | asau
City not found. Skipping...
Processing Record 20 of Set 6 | qeshm
City not found. Skipping...
Processing Record 21 of Set 6 | havre-saint-pierre
City not found. Skipping...
Processing Record 22 of Set 6 | asmar
City not found. Skipping...
Processing Record 23 of Set 6 | kaputa
City not found. Skipping...
Processing Record 24 of Set 6 | alibag
City not found. Skipping...
Processing Record 25 of Set 6 | swan hill
City not found. Skipping...
Processing Record 26 of Set 6 | san quintin
City not found. Skipping...
Processing Record 27 of Set 6 | boda
City not found. Skipping...
Processing Record 28 of Set 6 | saint george
City not found. Skipping...
Processing Record 29 of Set 6 | bireun
City not found. Skipping...
Processing Record 30 of Set 6 | katherine
City not found. Skipping...
Processing Record 31 of Set 6 | svetlogorsk
City not found. Skipping...
Processing Record 32 of Set 6 | rawson
City not found. Skipping...
Processing Record 33 of Set 6 | chengam
City not found. Skipping...
Processing Record 34 of Set 6 | porto santo
City not found. Skipping...
Processing Record 35 of Set 6 | kemijarvi
City not found. Skipping...
Processing Record 36 of Set 6 | jackson
City not found. Skipping...
Processing Record 37 of Set 6 | concarneau
City not found. Skipping...
Processing Record 38 of Set 6 | arraial do cabo
City not found. Skipping...
Processing Record 39 of Set 6 | quelimane
City not found. Skipping...
Processing Record 40 of Set 6 | manokwari
City not found. Skipping...
Processing Record 41 of Set 6 | asfi
City not found. Skipping...
Processing Record 42 of Set 6 | bayshore gardens
City not found. Skipping...
Processing Record 43 of Set 6 | vestmannaeyjar
City not found. Skipping...
Processing Record 44 of Set 6 | san borja
City not found. Skipping...
Processing Record 45 of Set 6 | qui nhon
City not found. Skipping...
Processing Record 46 of Set 6 | hasaki
City not found. Skipping...
Processing Record 47 of Set 6 | zilupe
City not found. Skipping...
Processing Record 48 of Set 6 | senador jose porfirio
City not found. Skipping...
Processing Record 49 of Set 6 | ardmore
City not found. Skipping...
Processing Record 50 of Set 6 | sisimiut
City not found. Skipping...
Processing Record 1 of Set 7 | pisco
City not found. Skipping...
Processing Record 2 of Set 7 | poum
City not found. Skipping...
Processing Record 3 of Set 7 | zvishavane
City not found. Skipping...
Processing Record 4 of Set 7 | bethel
City not found. Skipping...
Processing Record 5 of Set 7 | the valley
City not found. Skipping...
Processing Record 6 of Set 7 | tigil
City not found. Skipping...
Processing Record 7 of Set 7 | talaya
City not found. Skipping...
Processing Record 8 of Set 7 | shimoda
City not found. Skipping...
Processing Record 9 of Set 7 | grand gaube
City not found. Skipping...
Processing Record 10 of Set 7 | sao filipe
City not found. Skipping...
Processing Record 11 of Set 7 | muisne
City not found. Skipping...
Processing Record 12 of Set 7 | saldanha
City not found. Skipping...
Processing Record 13 of Set 7 | gejiu
City not found. Skipping...
Processing Record 14 of Set 7 | kegayli
City not found. Skipping...
Processing Record 15 of Set 7 | washougal
City not found. Skipping...
Processing Record 16 of Set 7 | bukama
City not found. Skipping...
Processing Record 17 of Set 7 | kabalo
City not found. Skipping...
Processing Record 18 of Set 7 | portland
City not found. Skipping...
Processing Record 19 of Set 7 | tautira
City not found. Skipping...
Processing Record 20 of Set 7 | zhanakorgan
City not found. Skipping...
Processing Record 21 of Set 7 | sechura
City not found. Skipping...
Processing Record 22 of Set 7 | talakan
City not found. Skipping...
Processing Record 23 of Set 7 | karla
City not found. Skipping...
Processing Record 24 of Set 7 | codrington
City not found. Skipping...
Processing Record 25 of Set 7 | avera
City not found. Skipping...
Processing Record 26 of Set 7 | amudat
City not found. Skipping...
Processing Record 27 of Set 7 | sundsvall
City not found. Skipping...
Processing Record 28 of Set 7 | valencia
City not found. Skipping...
Processing Record 29 of Set 7 | wahran
City not found. Skipping...
Processing Record 30 of Set 7 | marsh harbour
City not found. Skipping...
Processing Record 31 of Set 7 | rantepao
City not found. Skipping...
Processing Record 32 of Set 7 | puerto carreno
City not found. Skipping...
Processing Record 33 of Set 7 | lalomanu
City not found. Skipping...
Processing Record 34 of Set 7 | sirnak
City not found. Skipping...
Processing Record 35 of Set 7 | bensonville
City not found. Skipping...
Processing Record 36 of Set 7 | talas
City not found. Skipping...
Processing Record 37 of Set 7 | iskateley
City not found. Skipping...
Processing Record 38 of Set 7 | sturgis
City not found. Skipping...
Processing Record 39 of Set 7 | kapit
City not found. Skipping...
Processing Record 40 of Set 7 | manggar
City not found. Skipping...
Processing Record 41 of Set 7 | hamilton
City not found. Skipping...
Processing Record 42 of Set 7 | tucson
City not found. Skipping...
Processing Record 43 of Set 7 | morogoro
City not found. Skipping...
Processing Record 44 of Set 7 | sterling
City not found. Skipping...
Processing Record 45 of Set 7 | necochea
City not found. Skipping...
Processing Record 46 of Set 7 | salinopolis
City not found. Skipping...
Processing Record 47 of Set 7 | marcona
City not found. Skipping...
Processing Record 48 of Set 7 | lodja
City not found. Skipping...
Processing Record 49 of Set 7 | kavieng
City not found. Skipping...
Processing Record 50 of Set 7 | sagua de tanamo
City not found. Skipping...
Processing Record 1 of Set 8 | virden
City not found. Skipping...
Processing Record 2 of Set 8 | ascension
City not found. Skipping...
Processing Record 3 of Set 8 | pokrovo-prigorodnoye
City not found. Skipping...
Processing Record 4 of Set 8 | zadar
City not found. Skipping...
Processing Record 5 of Set 8 | acapulco
City not found. Skipping...
Processing Record 6 of Set 8 | nizhneyansk
City not found. Skipping...
Processing Record 7 of Set 8 | mullaitivu
City not found. Skipping...
Processing Record 8 of Set 8 | elblag
City not found. Skipping...
Processing Record 9 of Set 8 | tanout
City not found. Skipping...
Processing Record 10 of Set 8 | kharp
City not found. Skipping...
Processing Record 11 of Set 8 | villazon
City not found. Skipping...
Processing Record 12 of Set 8 | beysehir
City not found. Skipping...
Processing Record 13 of Set 8 | marienburg
City not found. Skipping...
Processing Record 14 of Set 8 | walvis bay
City not found. Skipping...
Processing Record 15 of Set 8 | mackay
City not found. Skipping...
Processing Record 16 of Set 8 | meyungs
City not found. Skipping...
Processing Record 17 of Set 8 | diego de almagro
City not found. Skipping...
Processing Record 18 of Set 8 | quyquyho
City not found. Skipping...
Processing Record 19 of Set 8 | kesova gora
City not found. Skipping...
Processing Record 20 of Set 8 | beira
City not found. Skipping...
Processing Record 21 of Set 8 | thabazimbi
City not found. Skipping...
Processing Record 22 of Set 8 | tsaratanana
City not found. Skipping...
Processing Record 23 of Set 8 | namatanai
City not found. Skipping...
Processing Record 24 of Set 8 | christchurch
City not found. Skipping...
Processing Record 25 of Set 8 | kiruna
City not found. Skipping...
Processing Record 26 of Set 8 | muravlenko
City not found. Skipping...
Processing Record 27 of Set 8 | pacific grove
City not found. Skipping...
Processing Record 28 of Set 8 | aitape
City not found. Skipping...
Processing Record 29 of Set 8 | meulaboh
City not found. Skipping...
Processing Record 30 of Set 8 | urucara
City not found. Skipping...
Processing Record 31 of Set 8 | neyshabur
City not found. Skipping...
Processing Record 32 of Set 8 | tura
City not found. Skipping...
Processing Record 33 of Set 8 | hambantota
City not found. Skipping...
Processing Record 34 of Set 8 | tilichiki
City not found. Skipping...
Processing Record 35 of Set 8 | san policarpo
City not found. Skipping...
Processing Record 36 of Set 8 | saleaula
City not found. Skipping...
Processing Record 37 of Set 8 | santiago tuxtla
City not found. Skipping...
Processing Record 38 of Set 8 | hammerfest
City not found. Skipping...
Processing Record 39 of Set 8 | san javier
City not found. Skipping...
Processing Record 40 of Set 8 | huilong
City not found. Skipping...
Processing Record 41 of Set 8 | haines junction
City not found. Skipping...
Processing Record 42 of Set 8 | lillebonne
City not found. Skipping...
Processing Record 43 of Set 8 | santander
City not found. Skipping...
Processing Record 44 of Set 8 | kattivakkam
City not found. Skipping...
Processing Record 45 of Set 8 | los llanos de aridane
City not found. Skipping...
Processing Record 46 of Set 8 | coihaique
City not found. Skipping...
Processing Record 47 of Set 8 | tumannyy
City not found. Skipping...
Processing Record 48 of Set 8 | ulaangom
City not found. Skipping...
Processing Record 49 of Set 8 | karratha
City not found. Skipping...
Processing Record 50 of Set 8 | jiwani
City not found. Skipping...
Processing Record 1 of Set 9 | saint cloud
City not found. Skipping...
Processing Record 2 of Set 9 | tiznit
City not found. Skipping...
Processing Record 3 of Set 9 | stornoway
City not found. Skipping...
Processing Record 4 of Set 9 | yomitan
City not found. Skipping...
Processing Record 5 of Set 9 | yerbogachen
City not found. Skipping...
Processing Record 6 of Set 9 | la tuque
City not found. Skipping...
Processing Record 7 of Set 9 | tahta
City not found. Skipping...
Processing Record 8 of Set 9 | chicama
City not found. Skipping...
Processing Record 9 of Set 9 | longlac
City not found. Skipping...
Processing Record 10 of Set 9 | naze
City not found. Skipping...
Processing Record 11 of Set 9 | praia da vitoria
City not found. Skipping...
Processing Record 12 of Set 9 | kodinsk
City not found. Skipping...
Processing Record 13 of Set 9 | powassan
City not found. Skipping...
Processing Record 14 of Set 9 | ornskoldsvik
City not found. Skipping...
Processing Record 15 of Set 9 | virginia beach
City not found. Skipping...
Processing Record 16 of Set 9 | conselheiro pena
City not found. Skipping...
Processing Record 17 of Set 9 | sistranda
City not found. Skipping...
Processing Record 18 of Set 9 | varna
City not found. Skipping...
Processing Record 19 of Set 9 | tsihombe
City not found. Skipping...
Processing Record 20 of Set 9 | altamira
City not found. Skipping...
Processing Record 21 of Set 9 | yatou
City not found. Skipping...
Processing Record 22 of Set 9 | jaisalmer
City not found. Skipping...
Processing Record 23 of Set 9 | thohoyandou
City not found. Skipping...
Processing Record 24 of Set 9 | inyonga
City not found. Skipping...
Processing Record 25 of Set 9 | eyrarbakki
City not found. Skipping...
Processing Record 26 of Set 9 | goderich
City not found. Skipping...
Processing Record 27 of Set 9 | port macquarie
City not found. Skipping...
Processing Record 28 of Set 9 | jingdezhen
City not found. Skipping...
Processing Record 29 of Set 9 | obluche
City not found. Skipping...
Processing Record 30 of Set 9 | golden rock
City not found. Skipping...
Processing Record 31 of Set 9 | abiy adi
City not found. Skipping...
Processing Record 32 of Set 9 | nanortalik
City not found. Skipping...
Processing Record 33 of Set 9 | tromso
City not found. Skipping...
Processing Record 34 of Set 9 | ntungamo
City not found. Skipping...
Processing Record 35 of Set 9 | buala
City not found. Skipping...
Processing Record 36 of Set 9 | kuli
City not found. Skipping...
Processing Record 37 of Set 9 | la ronge
City not found. Skipping...
Processing Record 38 of Set 9 | jacareacanga
City not found. Skipping...
Processing Record 39 of Set 9 | pozo colorado
City not found. Skipping...
Processing Record 40 of Set 9 | sardinata
City not found. Skipping...
Processing Record 41 of Set 9 | biograd na moru
City not found. Skipping...
Processing Record 42 of Set 9 | champerico
City not found. Skipping...
Processing Record 43 of Set 9 | katima mulilo
City not found. Skipping...
Processing Record 44 of Set 9 | maragogi
City not found. Skipping...
Processing Record 45 of Set 9 | isangel
City not found. Skipping...
Processing Record 46 of Set 9 | portage
City not found. Skipping...
Processing Record 47 of Set 9 | toro
City not found. Skipping...
Processing Record 48 of Set 9 | belyy yar
City not found. Skipping...
Processing Record 49 of Set 9 | gizo
City not found. Skipping...
Processing Record 50 of Set 9 | lakes entrance
City not found. Skipping...
Processing Record 1 of Set 10 | camacha
City not found. Skipping...
Processing Record 2 of Set 10 | gorontalo
City not found. Skipping...
Processing Record 3 of Set 10 | udachnyy
City not found. Skipping...
Processing Record 4 of Set 10 | bubaque
City not found. Skipping...
Processing Record 5 of Set 10 | nurota
City not found. Skipping...
Processing Record 6 of Set 10 | sorong
City not found. Skipping...
Processing Record 7 of Set 10 | faya
City not found. Skipping...
Processing Record 8 of Set 10 | peace river
City not found. Skipping...
Processing Record 9 of Set 10 | omsukchan
City not found. Skipping...
Processing Record 10 of Set 10 | tabiauea
City not found. Skipping...
Processing Record 11 of Set 10 | melville
City not found. Skipping...
Processing Record 12 of Set 10 | parana
City not found. Skipping...
Processing Record 13 of Set 10 | yerofey pavlovich
City not found. Skipping...
Processing Record 14 of Set 10 | rorvik
City not found. Skipping...
Processing Record 15 of Set 10 | ramasukha
City not found. Skipping...
Processing Record 16 of Set 10 | klaksvik
City not found. Skipping...
Processing Record 17 of Set 10 | kaeo
City not found. Skipping...
Processing Record 18 of Set 10 | bull savanna
City not found. Skipping...
Processing Record 19 of Set 10 | hami
City not found. Skipping...
Processing Record 20 of Set 10 | luis correia
City not found. Skipping...
Processing Record 21 of Set 10 | andra
City not found. Skipping...
Processing Record 22 of Set 10 | pudozh
City not found. Skipping...
Processing Record 23 of Set 10 | mehamn
City not found. Skipping...
Processing Record 24 of Set 10 | tamandare
City not found. Skipping...
Processing Record 25 of Set 10 | barbar
City not found. Skipping...
Processing Record 26 of Set 10 | vaitupu
City not found. Skipping...
Processing Record 27 of Set 10 | puerto maldonado
City not found. Skipping...
Processing Record 28 of Set 10 | lata
City not found. Skipping...
Processing Record 29 of Set 10 | fez
City not found. Skipping...
Processing Record 30 of Set 10 | natal
City not found. Skipping...
Processing Record 31 of Set 10 | sinnamary
City not found. Skipping...
Processing Record 32 of Set 10 | kimbe
City not found. Skipping...
Processing Record 33 of Set 10 | sawakin
City not found. Skipping...
Processing Record 34 of Set 10 | axim
City not found. Skipping...
Processing Record 35 of Set 10 | flinders
City not found. Skipping...
Processing Record 36 of Set 10 | ilebo
City not found. Skipping...
Processing Record 37 of Set 10 | san matias
City not found. Skipping...
Processing Record 38 of Set 10 | adilabad
City not found. Skipping...
Processing Record 39 of Set 10 | sumter
City not found. Skipping...
Processing Record 40 of Set 10 | korla
City not found. Skipping...
Processing Record 41 of Set 10 | dawlatabad
City not found. Skipping...
Processing Record 42 of Set 10 | nuuk
City not found. Skipping...
Processing Record 43 of Set 10 | taltal
City not found. Skipping...
Processing Record 44 of Set 10 | shu
City not found. Skipping...
Processing Record 45 of Set 10 | kruisfontein
City not found. Skipping...
Processing Record 46 of Set 10 | talnakh
City not found. Skipping...
Processing Record 47 of Set 10 | vanderhoof
City not found. Skipping...
Processing Record 48 of Set 10 | bandarbeyla
City not found. Skipping...
Processing Record 49 of Set 10 | santa fe
City not found. Skipping...
Processing Record 50 of Set 10 | kudahuvadhoo
City not found. Skipping...
Processing Record 1 of Set 11 | rio gallegos
City not found. Skipping...
Processing Record 2 of Set 11 | beatrice
City not found. Skipping...
Processing Record 3 of Set 11 | la asuncion
City not found. Skipping...
Processing Record 4 of Set 11 | wattegama
City not found. Skipping...
Processing Record 5 of Set 11 | grand centre
City not found. Skipping...
Processing Record 6 of Set 11 | ivanjica
City not found. Skipping...
Processing Record 7 of Set 11 | nouadhibou
City not found. Skipping...
Processing Record 8 of Set 11 | marzuq
City not found. Skipping...
Processing Record 9 of Set 11 | zakamensk
City not found. Skipping...
Processing Record 10 of Set 11 | laguna
City not found. Skipping...
Processing Record 11 of Set 11 | at-bashi
City not found. Skipping...
Processing Record 12 of Set 11 | palauig
City not found. Skipping...
Processing Record 13 of Set 11 | astoria
City not found. Skipping...
Processing Record 14 of Set 11 | mamlyutka
City not found. Skipping...
Processing Record 15 of Set 11 | chuy
City not found. Skipping...
Processing Record 16 of Set 11 | belmonte
City not found. Skipping...
Processing Record 17 of Set 11 | coquimbo
City not found. Skipping...
Processing Record 18 of Set 11 | beian
City not found. Skipping...
Processing Record 19 of Set 11 | fethiye
City not found. Skipping...
Processing Record 20 of Set 11 | kaseda
City not found. Skipping...
Processing Record 21 of Set 11 | pevek
City not found. Skipping...
Processing Record 22 of Set 11 | teguise
City not found. Skipping...
Processing Record 23 of Set 11 | moerai
City not found. Skipping...
Processing Record 24 of Set 11 | oshawa
City not found. Skipping...
Processing Record 25 of Set 11 | kysyl-syr
City not found. Skipping...
Processing Record 26 of Set 11 | fort nelson
City not found. Skipping...
Processing Record 27 of Set 11 | isetskoye
City not found. Skipping...
Processing Record 28 of Set 11 | paamiut
City not found. Skipping...
Processing Record 29 of Set 11 | ternate
City not found. Skipping...
Processing Record 30 of Set 11 | port moresby
City not found. Skipping...
Processing Record 31 of Set 11 | jimo
City not found. Skipping...
Processing Record 32 of Set 11 | barra do bugres
City not found. Skipping...
Processing Record 33 of Set 11 | labuhan
City not found. Skipping...
Processing Record 34 of Set 11 | key west
City not found. Skipping...
Processing Record 35 of Set 11 | amancio
City not found. Skipping...
Processing Record 36 of Set 11 | manuk mangkaw
City not found. Skipping...
Processing Record 37 of Set 11 | apastovo
City not found. Skipping...
Processing Record 38 of Set 11 | mackenzie
City not found. Skipping...
Processing Record 39 of Set 11 | roma
City not found. Skipping...
Processing Record 40 of Set 11 | hay river
City not found. Skipping...
Processing Record 41 of Set 11 | pecos
City not found. Skipping...
Processing Record 42 of Set 11 | kem
City not found. Skipping...
Processing Record 43 of Set 11 | okha
City not found. Skipping...
Processing Record 44 of Set 11 | aquiraz
City not found. Skipping...
Processing Record 45 of Set 11 | lyubytino
City not found. Skipping...
Processing Record 46 of Set 11 | camacari
City not found. Skipping...
Processing Record 47 of Set 11 | talavera
City not found. Skipping...
Processing Record 48 of Set 11 | san carlos
City not found. Skipping...
Processing Record 49 of Set 11 | whitehorse
City not found. Skipping...
Processing Record 50 of Set 11 | newala
City not found. Skipping...
Processing Record 1 of Set 12 | harper
City not found. Skipping...
Processing Record 2 of Set 12 | dalby
City not found. Skipping...
Processing Record 3 of Set 12 | huaral
City not found. Skipping...
Processing Record 4 of Set 12 | soderhamn
City not found. Skipping...
Processing Record 5 of Set 12 | tias
City not found. Skipping...
Processing Record 6 of Set 12 | inhambane
City not found. Skipping...
Processing Record 7 of Set 12 | skalistyy
City not found. Skipping...
Processing Record 8 of Set 12 | komsomolskiy
City not found. Skipping...
Processing Record 9 of Set 12 | nicholasville
City not found. Skipping...
Processing Record 10 of Set 12 | ivanava
City not found. Skipping...
Processing Record 11 of Set 12 | panuco
City not found. Skipping...
Processing Record 12 of Set 12 | oistins
City not found. Skipping...
Processing Record 13 of Set 12 | cap malheureux
City not found. Skipping...
Processing Record 14 of Set 12 | ilorin
City not found. Skipping...
Processing Record 15 of Set 12 | sitka
City not found. Skipping...
Processing Record 16 of Set 12 | ensley
City not found. Skipping...
Processing Record 17 of Set 12 | norton shores
City not found. Skipping...
Processing Record 18 of Set 12 | joroan
City not found. Skipping...
Processing Record 19 of Set 12 | mount gambier
City not found. Skipping...
Processing Record 20 of Set 12 | bridlington
City not found. Skipping...
Processing Record 21 of Set 12 | ishigaki
City not found. Skipping...
Processing Record 22 of Set 12 | yulara
City not found. Skipping...
Processing Record 23 of Set 12 | ayna
City not found. Skipping...
Processing Record 24 of Set 12 | mataundh
City not found. Skipping...
Processing Record 25 of Set 12 | placido de castro
City not found. Skipping...
Processing Record 26 of Set 12 | macklin
City not found. Skipping...
Processing Record 27 of Set 12 | vallenar
City not found. Skipping...
Processing Record 28 of Set 12 | grindavik
City not found. Skipping...
Processing Record 29 of Set 12 | baracoa
City not found. Skipping...
Processing Record 30 of Set 12 | lasa
City not found. Skipping...
Processing Record 31 of Set 12 | septemes-les-vallons
City not found. Skipping...
Processing Record 32 of Set 12 | shizunai
City not found. Skipping...
Processing Record 33 of Set 12 | burica
City not found. Skipping...
Processing Record 34 of Set 12 | linqiong
City not found. Skipping...
Processing Record 35 of Set 12 | inirida
City not found. Skipping...
Processing Record 36 of Set 12 | pontal do parana
City not found. Skipping...
Processing Record 37 of Set 12 | oskemen
City not found. Skipping...
Processing Record 38 of Set 12 | zistersdorf
City not found. Skipping...
Processing Record 39 of Set 12 | aykhal
City not found. Skipping...
Processing Record 40 of Set 12 | ketchikan
City not found. Skipping...
Processing Record 41 of Set 12 | dicabisagan
City not found. Skipping...
Processing Record 42 of Set 12 | gerede
City not found. Skipping...
Processing Record 43 of Set 12 | poya
City not found. Skipping...
Processing Record 44 of Set 12 | sadiqabad
City not found. Skipping...
Processing Record 45 of Set 12 | kollam
City not found. Skipping...
Processing Record 46 of Set 12 | camana
City not found. Skipping...
Processing Record 47 of Set 12 | otjiwarongo
City not found. Skipping...
Processing Record 48 of Set 12 | bonthe
City not found. Skipping...
Processing Record 49 of Set 12 | lensk
City not found. Skipping...
Processing Record 50 of Set 12 | borzya
City not found. Skipping...
Processing Record 1 of Set 13 | lolua
City not found. Skipping...
Processing Record 2 of Set 13 | launceston
City not found. Skipping...
Processing Record 3 of Set 13 | aksaray
City not found. Skipping...
Processing Record 4 of Set 13 | ambilobe
City not found. Skipping...
Processing Record 5 of Set 13 | san luis
City not found. Skipping...
Processing Record 6 of Set 13 | phan thiet
City not found. Skipping...
Processing Record 7 of Set 13 | waipawa
City not found. Skipping...
Processing Record 8 of Set 13 | lorengau
City not found. Skipping...
Processing Record 9 of Set 13 | kazalinsk
City not found. Skipping...
Processing Record 10 of Set 13 | sao gabriel da cachoeira
City not found. Skipping...
Processing Record 11 of Set 13 | gravelbourg
City not found. Skipping...
Processing Record 12 of Set 13 | plettenberg bay
City not found. Skipping...
Processing Record 13 of Set 13 | muret
City not found. Skipping...
Processing Record 14 of Set 13 | jumla
City not found. Skipping...
Processing Record 15 of Set 13 | nsoko
City not found. Skipping...
Processing Record 16 of Set 13 | vredendal
City not found. Skipping...
Processing Record 17 of Set 13 | weston
City not found. Skipping...
Processing Record 18 of Set 13 | dingle
City not found. Skipping...
Processing Record 19 of Set 13 | rayong
City not found. Skipping...
Processing Record 20 of Set 13 | rungata
City not found. Skipping...
Processing Record 21 of Set 13 | aflu
City not found. Skipping...
Processing Record 22 of Set 13 | san antonio
City not found. Skipping...
Processing Record 23 of Set 13 | umzimvubu
City not found. Skipping...
Processing Record 24 of Set 13 | leningradskiy
City not found. Skipping...
Processing Record 25 of Set 13 | macomer
City not found. Skipping...
Processing Record 26 of Set 13 | pitkyaranta
City not found. Skipping...
Processing Record 27 of Set 13 | wangqing
City not found. Skipping...
Processing Record 28 of Set 13 | lopandino
City not found. Skipping...
Processing Record 29 of Set 13 | villamontes
City not found. Skipping...
Processing Record 30 of Set 13 | daxian
City not found. Skipping...
Processing Record 31 of Set 13 | makubetsu
City not found. Skipping...
Processing Record 32 of Set 13 | inuvik
City not found. Skipping...
Processing Record 33 of Set 13 | sakaiminato
City not found. Skipping...
Processing Record 34 of Set 13 | vilhena
City not found. Skipping...
Processing Record 35 of Set 13 | garissa
City not found. Skipping...
Processing Record 36 of Set 13 | bougouni
City not found. Skipping...
Processing Record 37 of Set 13 | vanavara
City not found. Skipping...
Processing Record 38 of Set 13 | novotalitsy
City not found. Skipping...
Processing Record 39 of Set 13 | imeni poliny osipenko
City not found. Skipping...
Processing Record 40 of Set 13 | college
City not found. Skipping...
Processing Record 41 of Set 13 | dwarka
City not found. Skipping...
Processing Record 42 of Set 13 | nyurba
City not found. Skipping...
Processing Record 43 of Set 13 | nola
City not found. Skipping...
Processing Record 44 of Set 13 | quepos
City not found. Skipping...
Processing Record 45 of Set 13 | pilar
City not found. Skipping...
Processing Record 46 of Set 13 | paso de carrasco
City not found. Skipping...
Processing Record 47 of Set 13 | ahumada
City not found. Skipping...
Processing Record 48 of Set 13 | surt
City not found. Skipping...
Processing Record 49 of Set 13 | hokitika
City not found. Skipping...
Processing Record 50 of Set 13 | ituni
City not found. Skipping...
Processing Record 1 of Set 14 | mesyagutovo
City not found. Skipping...
Processing Record 2 of Set 14 | portel
City not found. Skipping...
Processing Record 3 of Set 14 | tubinskiy
City not found. Skipping...
Processing Record 4 of Set 14 | jaque
City not found. Skipping...
Processing Record 5 of Set 14 | catalina
City not found. Skipping...
Processing Record 6 of Set 14 | luderitz
City not found. Skipping...
Processing Record 7 of Set 14 | trincomalee
City not found. Skipping...
Processing Record 8 of Set 14 | montrose
City not found. Skipping...
Processing Record 9 of Set 14 | saint-pierre
City not found. Skipping...
Processing Record 10 of Set 14 | iracoubo
City not found. Skipping...
Processing Record 11 of Set 14 | neryungri
City not found. Skipping...
Processing Record 12 of Set 14 | tonj
City not found. Skipping...
Processing Record 13 of Set 14 | palmer
City not found. Skipping...
Processing Record 14 of Set 14 | kuche
City not found. Skipping...
Processing Record 15 of Set 14 | bima
City not found. Skipping...
Processing Record 16 of Set 14 | gatesville
City not found. Skipping...
Processing Record 17 of Set 14 | sinubung
City not found. Skipping...
Processing Record 18 of Set 14 | qaqortoq
City not found. Skipping...
Processing Record 19 of Set 14 | sehithwa
City not found. Skipping...
Processing Record 20 of Set 14 | westport
City not found. Skipping...
Processing Record 21 of Set 14 | barcelos
City not found. Skipping...
Processing Record 22 of Set 14 | wala
City not found. Skipping...
Processing Record 23 of Set 14 | abu samrah
City not found. Skipping...
Processing Record 24 of Set 14 | montemor-o-novo
City not found. Skipping...
Processing Record 25 of Set 14 | gallup
City not found. Skipping...
Processing Record 26 of Set 14 | one hundred mile house
City not found. Skipping...
Processing Record 27 of Set 14 | basco
City not found. Skipping...
Processing Record 28 of Set 14 | strelka
City not found. Skipping...
Processing Record 29 of Set 14 | kirgiz-miyaki
City not found. Skipping...
Processing Record 30 of Set 14 | fare
City not found. Skipping...
Processing Record 31 of Set 14 | kiama
City not found. Skipping...
Processing Record 32 of Set 14 | lancaster
City not found. Skipping...
Processing Record 33 of Set 14 | moctezuma
City not found. Skipping...
Processing Record 34 of Set 14 | sagua la grande
City not found. Skipping...
Processing Record 35 of Set 14 | leninsk
City not found. Skipping...
Processing Record 36 of Set 14 | orsova
City not found. Skipping...
Processing Record 37 of Set 14 | yashkul
City not found. Skipping...
Processing Record 38 of Set 14 | san cristobal
City not found. Skipping...
Processing Record 39 of Set 14 | redmond
City not found. Skipping...
Processing Record 40 of Set 14 | henties bay
City not found. Skipping...
Processing Record 41 of Set 14 | saint-denis
City not found. Skipping...
Processing Record 42 of Set 14 | mocambique
City not found. Skipping...
Processing Record 43 of Set 14 | antalaha
City not found. Skipping...
Processing Record 44 of Set 14 | zhigansk
City not found. Skipping...
Processing Record 45 of Set 14 | kampot
City not found. Skipping...
Processing Record 46 of Set 14 | rabat
City not found. Skipping...
Processing Record 47 of Set 14 | cerro de pasco
City not found. Skipping...
Processing Record 48 of Set 14 | tra vinh
City not found. Skipping...
Processing Record 49 of Set 14 | gushikawa
City not found. Skipping...
Processing Record 50 of Set 14 | ukiah
City not found. Skipping...
Processing Record 1 of Set 15 | russkiy aktash
City not found. Skipping...
Processing Record 2 of Set 15 | nara
City not found. Skipping...
Processing Record 3 of Set 15 | ugoofaaru
City not found. Skipping...
Processing Record 4 of Set 15 | wahiawa
City not found. Skipping...
Processing Record 5 of Set 15 | umm lajj
City not found. Skipping...
Processing Record 6 of Set 15 | tidore
City not found. Skipping...
Processing Record 7 of Set 15 | chone
City not found. Skipping...
Processing Record 8 of Set 15 | merritt
City not found. Skipping...
Processing Record 9 of Set 15 | sarangani
City not found. Skipping...
Processing Record 10 of Set 15 | timmins
City not found. Skipping...
Processing Record 11 of Set 15 | iquitos
City not found. Skipping...
Processing Record 12 of Set 15 | oeiras
City not found. Skipping...
Processing Record 13 of Set 15 | mokhsogollokh
City not found. Skipping...
Processing Record 14 of Set 15 | constitucion
City not found. Skipping...
Processing Record 15 of Set 15 | alofi
City not found. Skipping...
Processing Record 16 of Set 15 | high level
City not found. Skipping...
Processing Record 17 of Set 15 | aklavik
City not found. Skipping...
Processing Record 18 of Set 15 | mpika
City not found. Skipping...
Processing Record 19 of Set 15 | port arthur
City not found. Skipping...
Processing Record 20 of Set 15 | hervey bay
City not found. Skipping...
Processing Record 21 of Set 15 | saryg-sep
City not found. Skipping...
Processing Record 22 of Set 15 | nemuro
City not found. Skipping...
Processing Record 23 of Set 15 | kushiro
City not found. Skipping...
Processing Record 24 of Set 15 | ayagoz
City not found. Skipping...
Processing Record 25 of Set 15 | montepuez
City not found. Skipping...
Processing Record 26 of Set 15 | hirara
City not found. Skipping...
Processing Record 27 of Set 15 | auki
City not found. Skipping...
Processing Record 28 of Set 15 | verkhoyansk
City not found. Skipping...
Processing Record 29 of Set 15 | emerald
City not found. Skipping...
Processing Record 30 of Set 15 | oktyabrskiy
City not found. Skipping...
Processing Record 31 of Set 15 | arvika
City not found. Skipping...
Processing Record 32 of Set 15 | bedele
City not found. Skipping...
Processing Record 33 of Set 15 | ngukurr
City not found. Skipping...
Processing Record 34 of Set 15 | oum hadjer
City not found. Skipping...
Processing Record 35 of Set 15 | ixtapa
City not found. Skipping...
Processing Record 36 of Set 15 | anadyr
City not found. Skipping...
Processing Record 37 of Set 15 | lithgow
City not found. Skipping...
Processing Record 38 of Set 15 | ust-kamchatsk
City not found. Skipping...
Processing Record 39 of Set 15 | panlaitan
City not found. Skipping...
Processing Record 40 of Set 15 | solton
City not found. Skipping...
Processing Record 41 of Set 15 | broken hill
City not found. Skipping...
Processing Record 42 of Set 15 | touros
City not found. Skipping...
